{"val_loss": [6.684982679277191, 3.8544451136135516, 3.6463729510860707, 4.813369903091499, 3.950233414639145, 4.427893216801356, 4.474046013395477, 4.032048415661265, 4.2137461983928715, 4.334812176685267], "val_acc": [0.518324608240036, 0.6858638733400031, 0.7225130885024623, 0.6439790573142309, 0.6910994783121878, 0.6649214664626912, 0.6806282725026955, 0.6806282721472868, 0.6910994752955478, 0.6910994762404149], "loss": [7.021050836162729, 2.303283820566135, 0.5180174261491146, 0.2492259346947312, 0.2203588675829282, 0.16773874056617002, 0.15308147028453445, 0.1495107927586107, 0.15077949394140439, 0.15022745937093562], "acc": [0.5379644587593866, 0.8367016953788848, 0.960792234084639, 0.9818108291421673, 0.9847413062712023, 0.9880856195154791, 0.9899959555776637, 0.9901980575815554, 0.9901980575333705, 0.9904001598263712]}