{"val_loss": [7.333505118149807], "val_acc": [0.22513089442128287], "loss": [5.677049279212952], "acc": [0.20000000298023224]}